Title,Artist,Genre,Timestamp
Lead Me Lord,Gary Valenciano,Christian,2026-04-28 23:12:14
Man on the Lakers,LeBron James,Sports,2026-04-28 23:12:47
Breakin' My Heart (Pretty Brown Eyes),Mint Condition,R&B,2026-04-28 23:13:23
Alipin,Sham Rock,Rock,2026-04-28 23:13:50
Lifetime (Reimagined),Ben&Ben,Pop,2026-04-28 23:13:55
Lead Me Lord,Gary Valenciano,Christian,2026-04-28 23:13:59
Man on the Lakers,LeBron James,Sports,2026-04-28 23:14:07
Rude,MAGIC!,Reggae,2026-04-28 23:14:09
Shape of my Heart,Backstreet Boys,Pop,2026-04-28 23:14:11
Human Nature,Michael Jackson,Pop,2026-04-28 23:14:13
Never Gonna Give You Up,Rick Astley,Pop,2026-04-28 23:14:20
Shape of my Heart,Backstreet Boys,Pop,2026-04-28 23:14:24
Human Nature,Michael Jackson,Pop,2026-04-28 23:16:06
Shape of my Heart,Backstreet Boys,Pop,2026-04-28 23:16:40
Shape of my Heart,Backstreet Boys,Pop,2026-04-28 23:16:57
Never Gonna Give You Up,Rick Astley,Pop,2026-04-28 23:22:56
Human Nature,Michael Jackson,Pop,2026-04-28 23:23:05
Shape of my Heart,Backstreet Boys,Pop,2026-04-28 23:23:08
Shape of my Heart,Backstreet Boys,Pop,2026-04-28 23:23:33
Never Gonna Give You Up,Rick Astley,Pop,2026-04-28 23:31:04
Breakin' My Heart (Pretty Brown Eyes),Mint Condition,R&B,2026-04-28 23:31:20
Human Nature,Michael Jackson,Pop,2026-04-28 23:47:57
Shape of my Heart,Backstreet Boys,Pop,2026-04-28 23:48:29
Human Nature,Michael Jackson,Pop,2026-04-28 23:49:42
Human Nature,Michael Jackson,Pop,2026-04-28 23:49:45
Incomplete,Sisqo,Pop,2026-04-29 00:09:18
Shape of my Heart,Backstreet Boys,Pop,2026-04-29 00:10:50
Shape of my Heart,Backstreet Boys,Pop,2026-04-29 00:14:05
Shape of my Heart,Backstreet Boys,Pop,2026-04-29 00:15:01
Incomplete,Sisqo,Pop,2026-04-29 00:23:58
Incomplete,Sisqo,Pop,2026-04-29 00:31:10
Incomplete,Sisqo,Pop,2026-04-29 00:33:42
Knocks Me Off My Feet,Stevie Wonder,Pop,2026-04-29 00:36:42
Incomplete,Sisqo,Pop,2026-04-29 00:43:24
Knocks Me Off My Feet,Stevie Wonder,Pop,2026-04-29 00:45:02
Knocks Me Off My Feet,Stevie Wonder,Pop,2026-04-29 00:46:14
Knocks Me Off My Feet,Stevie Wonder,Pop,2026-04-29 00:49:08
Knocks Me Off My Feet,Stevie Wonder,Pop,2026-04-29 01:03:13
Knocks Me Off My Feet,Stevie Wonder,Pop,2026-04-29 01:08:14
Knocks Me Off My Feet,Stevie Wonder,Pop,2026-04-29 01:08:54
Knocks Me Off My Feet,Stevie Wonder,Pop,2026-04-29 01:09:58
Knocks Me Off My Feet,Stevie Wonder,Pop,2026-04-29 01:12:14
Rude,MAGIC!,Reggae,2026-04-29 07:53:34
Shape of my Heart,Backstreet Boys,Pop,2026-04-29 07:56:32
Incomplete,Sisqo,Pop,2026-04-29 07:58:14
Human Nature,Michael Jackson,Pop,2026-04-29 08:01:31
Knocks Me Off My Feet,Stevie Wonder,Pop,2026-04-29 08:01:42
Rude,MAGIC!,Reggae,2026-04-29 09:28:22
Human Nature,Michael Jackson,Pop,2026-04-29 09:29:43
Alipin,Sham Rock,Rock,2026-04-29 09:44:28
Alipin,Sham Rock,Rock,2026-04-29 09:44:31
Alipin,Sham Rock,Rock,2026-04-29 09:44:53
Alipin,Sham Rock,Rock,2026-04-29 09:46:19
Alipin,Sham Rock,Rock,2026-04-29 10:06:51
Alipin,Sham Rock,Rock,2026-04-29 10:09:20
Alipin,Sham Rock,Rock,2026-04-29 10:09:39
Alipin,Sham Rock,Rock,2026-04-29 10:11:06
Alipin,Sham Rock,Rock,2026-04-29 10:11:34
Breakin' My Heart (Pretty Brown Eyes),Mint Condition,R&B,2026-04-29 10:12:11
Alipin,Sham Rock,Rock,2026-04-29 10:12:44
Incomplete,Sisqo,Pop,2026-04-29 10:15:33
Shape of my Heart,Backstreet Boys,Pop,2026-04-29 10:26:11
Incomplete,Sisqo,Pop,2026-04-29 10:26:21
Incomplete,Sisqo,Pop,2026-04-29 10:27:05
Incomplete,Sisqo,Pop,2026-04-29 10:28:21
Incomplete,Sisqo,Pop,2026-04-29 10:29:15
Incomplete,Sisqo,Pop,2026-04-29 10:43:42
Rude,MAGIC!,Reggae,2026-04-29 12:12:14
Alipin,Sham Rock,Rock,2026-04-29 12:13:55
Lifetime (Reimagined),Ben&Ben,Pop,2026-04-29 12:15:45
Never Gonna Give You Up,Rick Astley,Pop,2026-04-29 12:15:50
Lifetime (Reimagined),Ben&Ben,Pop,2026-04-29 12:15:52
Man On The Lakers,LeBron James,LeBron,2026-04-29 12:16:16
Later,Fra Lippo Lippi,Pop,2026-04-29 12:18:00
Later,Fra Lippo Lippi,Pop,2026-04-29 12:19:34
Knocks Me Off My Feet,Stevie Wonder,Pop,2026-04-29 12:19:36
Incomplete,Sisqo,Pop,2026-04-29 12:19:38
Man On The Lakers,LeBron James,LeBron,2026-04-29 12:19:39
Never Gonna Give You Up,Rick Astley,Pop,2026-04-29 12:19:40
Human Nature,Michael Jackson,Pop,2026-04-29 12:19:42
Shape of my Heart,Backstreet Boys,Pop,2026-04-29 12:19:44
Human Nature,Michael Jackson,Pop,2026-04-29 12:34:57
Human Nature,Michael Jackson,Pop,2026-04-29 12:34:59
Breakin' My Heart (Pretty Brown Eyes),Mint Condition,R&B,2026-04-29 12:38:18
Lifetime (Reimagined),Ben&Ben,Pop,2026-04-29 15:20:00
Lifetime (Reimagined),Ben&Ben,Pop,2026-04-29 15:20:45
Lifetime (Reimagined),Ben&Ben,Pop,2026-04-29 18:24:58
Lead Me Lord,Gary Valenciano,Christian,2026-05-08 16:23:51
Human Nature,Michael Jackson,Pop,2026-05-08 16:24:02
Shape of my Heart,Backstreet Boys,Pop,2026-05-08 16:24:26
Shape of my Heart,Backstreet Boys,Pop,2026-05-08 16:24:35
Shape of my Heart,Backstreet Boys,Pop,2026-05-08 16:24:40
Alipin,Sham Rock,Rock,2026-05-08 16:24:50
Lead Me Lord,Gary Valenciano,Christian,2026-05-08 16:37:28
